target_word,word_length,is_in_vocabulary,apply_jitter,sample_index,pred_greedy,correct_greedy,pred_old_70_lm,correct_old_70_lm,pred_new_19k_lm,correct_new_19k_lm,pred_new_19k_soft_lex,correct_new_19k_soft_lex,new_improved,new_degraded
BAKI,4,True,False,0,BAKI,True,BAKI,True,BAKI,True,BAKI,True,False,False
BAKI,4,True,False,1,BAKI,True,BAKI,True,BAKI,True,BAKI,True,False,False
BAKI,4,True,False,2,BAKI,True,BAKI,True,BAKI,True,BAKI,True,False,False
BAKI,4,True,False,3,BAKI,True,BAKI,True,BAKI,True,BAKI,True,False,False
BAKI,4,True,False,4,BAKI,True,BAKI,True,BAKI,True,BAKI,True,False,False
SALAM,5,True,False,0,SALAM,True,SALAM,True,SALAM,True,SALAM,True,False,False
SALAM,5,True,False,1,SALAM,True,SALAM,True,SALAM,True,SALAM,True,False,False
SALAM,5,True,False,2,SALAM,True,SALAM,True,SALAM,True,SALAM,True,False,False
SALAM,5,True,False,3,SALAM,True,SALAM,True,SALAM,True,SALAM,True,False,False
SALAM,5,True,False,4,SALAM,True,SALAM,True,SALAM,True,SALAM,True,False,False
GÜL,3,True,False,0,GÜL,True,GÜL,True,GÜL,True,GÜL,True,False,False
GÜL,3,True,False,1,GÜL,True,GÜL,True,GÜL,True,GÜL,True,False,False
GÜL,3,True,False,2,GÜL,True,GÜL,True,GÜL,True,GÜL,True,False,False
GÜL,3,True,False,3,GÜL,True,GÜL,True,GÜL,True,GÜL,True,False,False
GÜL,3,True,False,4,GÜL,True,GÜL,True,GÜL,True,GÜL,True,False,False
DƏNİZ,5,True,False,0,DƏNİZ,True,DƏNİZ,True,DƏNİZ,True,DƏNİZ,True,False,False
DƏNİZ,5,True,False,1,DƏNİZ,True,DƏNİZ,True,DƏNİZ,True,DƏNİZ,True,False,False
DƏNİZ,5,True,False,2,DƏNİZ,True,DƏNİZ,True,DƏNİZ,True,DƏNİZ,True,False,False
DƏNİZ,5,True,False,3,DƏNİZ,True,DƏNİZ,True,DƏNİZ,True,DƏNİZ,True,False,False
DƏNİZ,5,True,False,4,DƏNİZ,True,DƏNİZ,True,DƏNİZ,True,DƏNİZ,True,False,False
KİTAB,5,True,False,0,KİTAB,True,KİTAB,True,KİTAB,True,KİTAB,True,False,False
KİTAB,5,True,False,1,KİTAB,True,KİTAB,True,KİTAB,True,KİTAB,True,False,False
KİTAB,5,True,False,2,KİTAB,True,KİTAB,True,KİTAB,True,KİTAB,True,False,False
KİTAB,5,True,False,3,KİTAB,True,KİTAB,True,KİTAB,True,KİTAB,True,False,False
KİTAB,5,True,False,4,KİTAB,True,KİTAB,True,KİTAB,True,KİTAB,True,False,False
ANA,3,True,False,0,ANA,True,ANA,True,ANA,True,ANA,True,False,False
ANA,3,True,False,1,ANA,True,ANA,True,ANA,True,ANA,True,False,False
ANA,3,True,False,2,ANA,True,ANA,True,ANA,True,ANA,True,False,False
ANA,3,True,False,3,ANA,True,ANA,True,ANA,True,ANA,True,False,False
ANA,3,True,False,4,ANA,True,ANA,True,ANA,True,ANA,True,False,False
BİZ,3,True,False,0,BİZ,True,BİZ,True,BİZ,True,BİZ,True,False,False
BİZ,3,True,False,1,BİZ,True,BİZ,True,BİZ,True,BİZ,True,False,False
BİZ,3,True,False,2,BİZ,True,BİZ,True,BİZ,True,BİZ,True,False,False
BİZ,3,True,False,3,BİZ,True,BİZ,True,BİZ,True,BİZ,True,False,False
BİZ,3,True,False,4,BİZ,True,BİZ,True,BİZ,True,BİZ,True,False,False
ŞƏHƏR,5,True,False,0,ŞƏHƏR,True,ŞƏHƏR,True,ŞƏHƏR,True,ŞƏHƏR,True,False,False
ŞƏHƏR,5,True,False,1,ŞƏHƏR,True,ŞƏHƏR,True,ŞƏHƏR,True,ŞƏHƏR,True,False,False
ŞƏHƏR,5,True,False,2,ŞƏHƏR,True,ŞƏHƏR,True,ŞƏHƏR,True,ŞƏHƏR,True,False,False
ŞƏHƏR,5,True,False,3,ŞƏHƏR,True,ŞƏHƏR,True,ŞƏHƏR,True,ŞƏHƏR,True,False,False
ŞƏHƏR,5,True,False,4,ŞƏHƏR,True,ŞƏHƏR,True,ŞƏHƏR,True,ŞƏHƏR,True,False,False
DOST,4,True,False,0,DOST,True,DOST,True,DOST,True,DOST,True,False,False
DOST,4,True,False,1,DOST,True,DOST,True,DOST,True,DOST,True,False,False
DOST,4,True,False,2,DOST,True,DOST,True,DOST,True,DOST,True,False,False
DOST,4,True,False,3,DOST,True,DOST,True,DOST,True,DOST,True,False,False
DOST,4,True,False,4,DOST,True,DOST,True,DOST,True,DOST,True,False,False
ALMA,4,True,False,0,ALMA,True,ALMA,True,ALMA,True,ALMA,True,False,False
ALMA,4,True,False,1,ALMA,True,ALMA,True,ALMA,True,ALMA,True,False,False
ALMA,4,True,False,2,ALMA,True,ALMA,True,ALMA,True,ALMA,True,False,False
ALMA,4,True,False,3,ALMA,True,ALMA,True,ALMA,True,ALMA,True,False,False
ALMA,4,True,False,4,ALMA,True,ALMA,True,ALMA,True,ALMA,True,False,False
ÇÖRƏK,5,True,False,0,ÇÖRƏK,True,ÇÖRƏK,True,ÇÖRƏK,True,ÇÖRƏK,True,False,False
ÇÖRƏK,5,True,False,1,ÇÖRƏK,True,ÇÖRƏK,True,ÇÖRƏK,True,ÇÖRƏK,True,False,False
ÇÖRƏK,5,True,False,2,ÇÖRƏK,True,ÇÖRƏK,True,ÇÖRƏK,True,ÇÖRƏK,True,False,False
ÇÖRƏK,5,True,False,3,ÇÖRƏK,True,ÇÖRƏK,True,ÇÖRƏK,True,ÇÖRƏK,True,False,False
ÇÖRƏK,5,True,False,4,ÇÖRƏK,True,ÇÖRƏK,True,ÇÖRƏK,True,ÇÖRƏK,True,False,False
PUL,3,True,False,0,PUL,True,PUL,True,PUL,True,PUL,True,False,False
PUL,3,True,False,1,PUL,True,PUL,True,PUL,True,PUL,True,False,False
PUL,3,True,False,2,PUL,True,PUL,True,PUL,True,PUL,True,False,False
PUL,3,True,False,3,PUL,True,PUL,True,PUL,True,PUL,True,False,False
PUL,3,True,False,4,PUL,True,PUL,True,PUL,True,PUL,True,False,False
SU,2,True,False,0,SU,True,SU,True,SU,True,SU,True,False,False
SU,2,True,False,1,SU,True,SU,True,SU,True,SU,True,False,False
SU,2,True,False,2,SU,True,SU,True,SU,True,SU,True,False,False
SU,2,True,False,3,SU,True,SU,True,SU,True,SU,True,False,False
SU,2,True,False,4,SU,True,SU,True,SU,True,SU,True,False,False
EV,2,True,False,0,EV,True,EV,True,EV,True,EV,True,False,False
EV,2,True,False,1,EV,True,EV,True,EV,True,EV,True,False,False
EV,2,True,False,2,EV,True,EV,True,EV,True,EV,True,False,False
EV,2,True,False,3,EV,True,EV,True,EV,True,EV,True,False,False
EV,2,True,False,4,EV,True,EV,True,EV,True,EV,True,False,False
GÖZƏL,5,True,False,0,GÖZƏL,True,GÖZƏL,True,GÖZƏL,True,GÖZƏL,True,False,False
GÖZƏL,5,True,False,1,GÖZƏL,True,GÖZƏL,True,GÖZƏL,True,GÖZƏL,True,False,False
GÖZƏL,5,True,False,2,GÖZƏL,True,GÖZƏL,True,GÖZƏL,True,GÖZƏL,True,False,False
GÖZƏL,5,True,False,3,GÖZƏL,True,GÖZƏL,True,GÖZƏL,True,GÖZƏL,True,False,False
GÖZƏL,5,True,False,4,GÖZƏL,True,GÖZƏL,True,GÖZƏL,True,GÖZƏL,True,False,False
QƏLƏM,5,False,False,0,QƏLƏM,True,QƏLƏM,True,QƏLƏM,True,QƏLƏM,True,False,False
QƏLƏM,5,False,False,1,QƏLƏM,True,QƏLƏM,True,QƏLƏM,True,QƏLƏM,True,False,False
QƏLƏM,5,False,False,2,QƏLƏM,True,QƏLƏM,True,QƏLƏM,True,QƏLƏM,True,False,False
QƏLƏM,5,False,False,3,QƏLƏM,True,QƏLƏM,True,QƏLƏM,True,QƏLƏM,True,False,False
QƏLƏM,5,False,False,4,QƏLƏM,True,QƏLƏM,True,QƏLƏM,True,QƏLƏM,True,False,False
BAHAR,5,False,False,0,BAHAR,True,BAHAR,True,BAHAR,True,BAHAR,True,False,False
BAHAR,5,False,False,1,BAHAR,True,BAHAR,True,BAHAR,True,BAHAR,True,False,False
BAHAR,5,False,False,2,BAHAR,True,BAHAR,True,BAHAR,True,BAHAR,True,False,False
BAHAR,5,False,False,3,BAHAR,True,BAHAR,True,BAHAR,True,BAHAR,True,False,False
BAHAR,5,False,False,4,BAHAR,True,BAHAR,True,BAHAR,True,BAHAR,True,False,False
SƏMA,4,False,False,0,SƏMA,True,SƏMA,True,SƏMA,True,SƏMA,True,False,False
SƏMA,4,False,False,1,SƏMA,True,SƏMA,True,SƏMA,True,SƏMA,True,False,False
SƏMA,4,False,False,2,SƏMA,True,SƏMA,True,SƏMA,True,SƏMA,True,False,False
SƏMA,4,False,False,3,SƏMA,True,SƏMA,True,SƏMA,True,SƏMA,True,False,False
SƏMA,4,False,False,4,SƏMA,True,SƏMA,True,SƏMA,True,SƏMA,True,False,False
BULUD,5,False,False,0,BULUD,True,BULUD,True,BULUD,True,BULUD,True,False,False
BULUD,5,False,False,1,BULUD,True,BULUD,True,BULUD,True,BULUD,True,False,False
BULUD,5,False,False,2,BULUD,True,BULUD,True,BULUD,True,BULUD,True,False,False
BULUD,5,False,False,3,BULUD,True,BULUD,True,BULUD,True,BULUD,True,False,False
BULUD,5,False,False,4,BULUD,True,BULUD,True,BULUD,True,BULUD,True,False,False
GƏMİ,4,False,False,0,GƏMİ,True,GƏMİ,True,GƏMİ,True,GƏMİ,True,False,False
GƏMİ,4,False,False,1,GƏMİ,True,GƏMİ,True,GƏMİ,True,GƏMİ,True,False,False
GƏMİ,4,False,False,2,GƏMİ,True,GƏMİ,True,GƏMİ,True,GƏMİ,True,False,False
GƏMİ,4,False,False,3,GƏMİ,True,GƏMİ,True,GƏMİ,True,GƏMİ,True,False,False
GƏMİ,4,False,False,4,GƏMİ,True,GƏMİ,True,GƏMİ,True,GƏMİ,True,False,False
HƏYAT,5,False,False,0,HƏYAT,True,HƏYAT,True,HƏYAT,True,HƏYAT,True,False,False
HƏYAT,5,False,False,1,HƏYAT,True,HƏYAT,True,HƏYAT,True,HƏYAT,True,False,False
HƏYAT,5,False,False,2,HƏYAT,True,HƏYAT,True,HƏYAT,True,HƏYAT,True,False,False
HƏYAT,5,False,False,3,HƏYAT,True,HƏYAT,True,HƏYAT,True,HƏYAT,True,False,False
HƏYAT,5,False,False,4,HƏYAT,True,HƏYAT,True,HƏYAT,True,HƏYAT,True,False,False
VƏTƏN,5,False,False,0,VƏTƏN,True,VƏTƏN,True,VƏTƏN,True,VƏTƏN,True,False,False
VƏTƏN,5,False,False,1,VƏTƏN,True,VƏTƏN,True,VƏTƏN,True,VƏTƏN,True,False,False
VƏTƏN,5,False,False,2,VƏTƏN,True,VƏTƏN,True,VƏTƏN,True,VƏTƏN,True,False,False
VƏTƏN,5,False,False,3,VƏTƏN,True,VƏTƏN,True,VƏTƏN,True,VƏTƏN,True,False,False
VƏTƏN,5,False,False,4,VƏTƏN,True,VƏTƏN,True,VƏTƏN,True,VƏTƏN,True,False,False
BAYRAQ,6,False,False,0,BAYRAQ,True,BAYRAQ,True,BAYRAQ,True,BAYRAQ,True,False,False
BAYRAQ,6,False,False,1,BAYRAQ,True,BAYRAQ,True,BAYRAQ,True,BAYRAQ,True,False,False
BAYRAQ,6,False,False,2,BAYRAQ,True,BAYRAQ,True,BAYRAQ,True,BAYRAQ,True,False,False
BAYRAQ,6,False,False,3,BAYRAQ,True,BAYRAQ,True,BAYRAQ,True,BAYRAQ,True,False,False
BAYRAQ,6,False,False,4,BAYRAQ,True,BAYRAQ,True,BAYRAQ,True,BAYRAQ,True,False,False
ÇANTA,5,False,False,0,ÇANTA,True,ÇANTA,True,ÇANTA,True,ÇANTA,True,False,False
ÇANTA,5,False,False,1,ÇANTA,True,ÇANTA,True,ÇANTA,True,ÇANTA,True,False,False
ÇANTA,5,False,False,2,ÇANTA,True,ÇANTA,True,ÇANTA,True,ÇANTA,True,False,False
ÇANTA,5,False,False,3,ÇANTA,True,ÇANTA,True,ÇANTA,True,ÇANTA,True,False,False
ÇANTA,5,False,False,4,ÇANTA,True,ÇANTA,True,ÇANTA,True,ÇANTA,True,False,False
DƏFTƏR,6,False,False,0,DƏFTƏR,True,DƏFTƏR,True,DƏFTƏR,True,DƏFTƏR,True,False,False
DƏFTƏR,6,False,False,1,DƏFTƏR,True,DƏFTƏR,True,DƏFTƏR,True,DƏFTƏR,True,False,False
DƏFTƏR,6,False,False,2,DƏFTƏR,True,DƏFTƏR,True,DƏFTƏR,True,DƏFTƏR,True,False,False
DƏFTƏR,6,False,False,3,DƏFTƏR,True,DƏFTƏR,True,DƏFTƏR,True,DƏFTƏR,True,False,False
DƏFTƏR,6,False,False,4,DƏFTƏR,True,DƏFTƏR,True,DƏFTƏR,True,DƏFTƏR,True,False,False
PƏNCƏRƏ,7,False,False,0,PƏNCƏRƏ,True,PƏNCƏRƏ,True,PƏNCƏRƏ,True,PƏNCƏRƏ,True,False,False
PƏNCƏRƏ,7,False,False,1,PƏNCƏRƏ,True,PƏNCƏRƏ,True,PƏNCƏRƏ,True,PƏNCƏRƏ,True,False,False
PƏNCƏRƏ,7,False,False,2,PƏNCƏRƏ,True,PƏNCƏRƏ,True,PƏNCƏRƏ,True,PƏNCƏRƏ,True,False,False
PƏNCƏRƏ,7,False,False,3,PƏNCƏRƏ,True,PƏNCƏRƏ,True,PƏNCƏRƏ,True,PƏNCƏRƏ,True,False,False
PƏNCƏRƏ,7,False,False,4,PƏNCƏRƏ,True,PƏNCƏRƏ,True,PƏNCƏRƏ,True,PƏNCƏRƏ,True,False,False
MƏKTUB,6,False,False,0,MƏKTUB,True,MƏKTUB,True,MƏKTUB,True,MƏKTUB,True,False,False
MƏKTUB,6,False,False,1,MƏKTUB,True,MƏKTUB,True,MƏKTUB,True,MƏKTUB,True,False,False
MƏKTUB,6,False,False,2,MƏKTUB,True,MƏKTUB,True,MƏKTUB,True,MƏKTUB,True,False,False
MƏKTUB,6,False,False,3,MƏKTUB,True,MƏKTUB,True,MƏKTUB,True,MƏKTUB,True,False,False
MƏKTUB,6,False,False,4,MƏKTUB,True,MƏKTUB,True,MƏKTUB,True,MƏKTUB,True,False,False
BULAQ,5,False,False,0,BULAQ,True,BULAQ,True,BULAQ,True,BULAQ,True,False,False
BULAQ,5,False,False,1,BULAQ,True,BULAQ,True,BULAQ,True,BULAQ,True,False,False
BULAQ,5,False,False,2,BULAQ,True,BULAQ,True,BULAQ,True,BULAQ,True,False,False
BULAQ,5,False,False,3,BULAQ,True,BULAQ,True,BULAQ,True,BULAQ,True,False,False
BULAQ,5,False,False,4,BULAQ,True,BULAQ,True,BULAQ,True,BULAQ,True,False,False
YAĞIŞ,5,False,False,0,YAĞIŞ,True,YAĞIŞ,True,YAĞIŞ,True,YAĞIŞ,True,False,False
YAĞIŞ,5,False,False,1,YAĞIŞ,True,YAĞIŞ,True,YAĞIŞ,True,YAĞIŞ,True,False,False
YAĞIŞ,5,False,False,2,YAĞIŞ,True,YAĞIŞ,True,YAĞIŞ,True,YAĞIŞ,True,False,False
YAĞIŞ,5,False,False,3,YAĞIŞ,True,YAĞIŞ,True,YAĞIŞ,True,YAĞIŞ,True,False,False
YAĞIŞ,5,False,False,4,YAĞIŞ,True,YAĞIŞ,True,YAĞIŞ,True,YAĞIŞ,True,False,False
QUMLUQ,6,False,False,0,QUMLUQ,True,QUMLUQ,True,QUMLUQ,True,QUMLUQ,True,False,False
QUMLUQ,6,False,False,1,QUMLUQ,True,QUMLUQ,True,QUMLUQ,True,QUMLUQ,True,False,False
QUMLUQ,6,False,False,2,QUMLUQ,True,QUMLUQ,True,QUMLUQ,True,QUMLUQ,True,False,False
QUMLUQ,6,False,False,3,QUMLUQ,True,QUMLUQ,True,QUMLUQ,True,QUMLUQ,True,False,False
QUMLUQ,6,False,False,4,QUMLUQ,True,QUMLUQ,True,QUMLUQ,True,QUMLUQ,True,False,False
BAKI,4,True,True,0,BAKI,True,BAKI,True,BAKI,True,BAKI,True,False,False
BAKI,4,True,True,1,BAKI,True,BAKI,True,BAKI,True,BAKI,True,False,False
BAKI,4,True,True,2,ZAKI,False,ZAKI,False,ZAKI,False,BAKI,True,False,False
BAKI,4,True,True,3,BAKI,True,BAKI,True,BAKI,True,BAKI,True,False,False
BAKI,4,True,True,4,BAKI,True,BAKI,True,BAKI,True,BAKI,True,False,False
SALAM,5,True,True,0,SALAM,True,SALAM,True,SALAM,True,SALAM,True,False,False
SALAM,5,True,True,1,SALAM,True,SALAM,True,SALAM,True,SALAM,True,False,False
SALAM,5,True,True,2,SALAM,True,SALAM,True,SALAM,True,SALAM,True,False,False
SALAM,5,True,True,3,SAHAM,False,SAHAM,False,SAHAM,False,SALAM,True,False,False
SALAM,5,True,True,4,SALAL,False,SALAL,False,SALAL,False,SALAM,True,False,False
GÜL,3,True,True,0,GÜL,True,GÜL,True,GÜL,True,GÜL,True,False,False
GÜL,3,True,True,1,GÜL,True,GÜL,True,GÜL,True,GÜL,True,False,False
GÜL,3,True,True,2,GÜL,True,GÜL,True,GÜL,True,GÜL,True,False,False
GÜL,3,True,True,3,GÜH,False,GÜH,False,GÜH,False,GÜL,True,False,False
GÜL,3,True,True,4,GÜL,True,GÜL,True,GÜL,True,GÜL,True,False,False
DƏNİZ,5,True,True,0,DƏNİZ,True,DƏNİZ,True,DƏNİZ,True,DƏNİZ,True,False,False
DƏNİZ,5,True,True,1,DƏNİZ,True,DƏNİZ,True,DƏNİZ,True,DƏNİZ,True,False,False
DƏNİZ,5,True,True,2,DƏNİZ,True,DƏNİZ,True,DƏNİZ,True,DƏNİZ,True,False,False
DƏNİZ,5,True,True,3,DƏNYZ,False,DƏNİZ,True,DƏNYZ,False,DƏNİZ,True,False,True
DƏNİZ,5,True,True,4,DƏNİZ,True,DƏNİZ,True,DƏNİZ,True,DƏNİZ,True,False,False
KİTAB,5,True,True,0,KİTAY,False,KİTAY,False,KİTAY,False,KİTAB,True,False,False
KİTAB,5,True,True,1,KİTAB,True,KİTAB,True,KİTAB,True,KİTAB,True,False,False
KİTAB,5,True,True,2,KİTAK,False,KİTAK,False,KİTAK,False,KİTAB,True,False,False
KİTAB,5,True,True,3,KYTAB,False,KİTAB,True,KYTAB,False,KİTAB,True,False,True
KİTAB,5,True,True,4,KİYAB,False,KİYAB,False,KİYAB,False,KİYAB,False,False,False
ANA,3,True,True,0,ANA,True,ANA,True,ANA,True,ANA,True,False,False
ANA,3,True,True,1,ANA,True,ANA,True,ANA,True,ANA,True,False,False
ANA,3,True,True,2,ANA,True,ANA,True,ANA,True,ANA,True,False,False
ANA,3,True,True,3,ANA,True,ANA,True,ANA,True,ANA,True,False,False
ANA,3,True,True,4,ANA,True,ANA,True,ANA,True,ANA,True,False,False
BİZ,3,True,True,0,BİZ,True,BİZ,True,BİZ,True,BİZ,True,False,False
BİZ,3,True,True,1,BİZ,True,BİZ,True,BİZ,True,BİZ,True,False,False
BİZ,3,True,True,2,ZİZ,False,KİZ,False,KİZ,False,BİZ,True,False,False
BİZ,3,True,True,3,BYZ,False,BİZ,True,BYZ,False,BİZ,True,False,True
BİZ,3,True,True,4,BİZ,True,BİZ,True,BİZ,True,BİZ,True,False,False
ŞƏHƏR,5,True,True,0,ŞƏHƏR,True,ŞƏHƏR,True,ŞƏHƏR,True,ŞƏHƏR,True,False,False
ŞƏHƏR,5,True,True,1,ŞƏHƏR,True,ŞƏHƏR,True,ŞƏHƏR,True,ŞƏHƏR,True,False,False
ŞƏHƏR,5,True,True,2,ŞƏHƏR,True,ŞƏHƏR,True,ŞƏHƏR,True,ŞƏHƏR,True,False,False
ŞƏHƏR,5,True,True,3,ŞƏHƏR,True,ŞƏHƏR,True,ŞƏHƏR,True,ŞƏHƏR,True,False,False
ŞƏHƏR,5,True,True,4,ŞƏHƏR,True,ŞƏHƏR,True,ŞƏHƏR,True,ŞƏHƏR,True,False,False
DOST,4,True,True,0,DOST,True,DOST,True,DOST,True,DOST,True,False,False
DOST,4,True,True,1,DÖST,False,DOST,True,DOST,True,DOST,True,False,False
DOST,4,True,True,2,DOST,True,DOST,True,DOST,True,DOST,True,False,False
DOST,4,True,True,3,DOST,True,DOST,True,DOST,True,DOST,True,False,False
DOST,4,True,True,4,DOST,True,DOST,True,DOST,True,DOST,True,False,False
ALMA,4,True,True,0,ALMA,True,ALMA,True,ALMA,True,ALMA,True,False,False
ALMA,4,True,True,1,ALMA,True,ALMA,True,ALMA,True,ALMA,True,False,False
ALMA,4,True,True,2,ALMA,True,ALMA,True,ALMA,True,ALMA,True,False,False
ALMA,4,True,True,3,AHMA,False,ALMA,True,AHMA,False,ALMA,True,False,True
ALMA,4,True,True,4,ALMA,True,ALMA,True,ALMA,True,ALMA,True,False,False
ÇÖRƏK,5,True,True,0,ÇÖRƏK,True,ÇÖRƏK,True,ÇÖRƏK,True,ÇÖRƏK,True,False,False
ÇÖRƏK,5,True,True,1,ÇÖRƏK,True,ÇÖRƏK,True,ÇÖRƏK,True,ÇÖRƏK,True,False,False
ÇÖRƏK,5,True,True,2,ÇÖRƏK,True,ÇÖRƏK,True,ÇÖRƏK,True,ÇÖRƏK,True,False,False
ÇÖRƏK,5,True,True,3,ÇÖRƏK,True,ÇÖRƏK,True,ÇÖRƏK,True,ÇÖRƏK,True,False,False
ÇÖRƏK,5,True,True,4,ÇÖRƏK,True,ÇÖRƏK,True,ÇÖRƏK,True,ÇÖRƏK,True,False,False
PUL,3,True,True,0,PUL,True,PUL,True,PUL,True,PUL,True,False,False
PUL,3,True,True,1,PUL,True,PUL,True,PUL,True,PUL,True,False,False
PUL,3,True,True,2,YUL,False,YUL,False,YUL,False,PUL,True,False,False
PUL,3,True,True,3,PUH,False,PUH,False,PUH,False,PUL,True,False,False
PUL,3,True,True,4,PUL,True,PUL,True,PUL,True,PUL,True,False,False
SU,2,True,True,0,SU,True,SU,True,SU,True,SU,True,False,False
SU,2,True,True,1,SU,True,SU,True,SU,True,SU,True,False,False
SU,2,True,True,2,SU,True,SU,True,SU,True,SU,True,False,False
SU,2,True,True,3,SU,True,SU,True,SU,True,SU,True,False,False
SU,2,True,True,4,SU,True,SU,True,SU,True,SU,True,False,False
EV,2,True,True,0,EV,True,EV,True,EV,True,EV,True,False,False
EV,2,True,True,1,EV,True,EV,True,EV,True,EV,True,False,False
EV,2,True,True,2,EV,True,EV,True,EV,True,EV,True,False,False
EV,2,True,True,3,EV,True,EV,True,EV,True,EV,True,False,False
EV,2,True,True,4,JV,False,EV,True,EV,True,EV,True,False,False
GÖZƏL,5,True,True,0,GÖZƏL,True,GÖZƏL,True,GÖZƏL,True,GÖZƏL,True,False,False
GÖZƏL,5,True,True,1,GÖZƏL,True,GÖZƏL,True,GÖZƏL,True,GÖZƏL,True,False,False
GÖZƏL,5,True,True,2,GÖZƏL,True,GÖZƏL,True,GÖZƏL,True,GÖZƏL,True,False,False
GÖZƏL,5,True,True,3,GÖZƏL,True,GÖZƏL,True,GÖZƏL,True,GÖZƏL,True,False,False
GÖZƏL,5,True,True,4,GÖZƏL,True,GÖZƏL,True,GÖZƏL,True,GÖZƏL,True,False,False
QƏLƏM,5,False,True,0,QƏLƏM,True,QƏLƏM,True,QƏLƏM,True,QƏLƏM,True,False,False
QƏLƏM,5,False,True,1,QƏLƏM,True,QƏLƏM,True,QƏLƏM,True,QƏLƏM,True,False,False
QƏLƏM,5,False,True,2,QƏLƏM,True,QƏLƏM,True,QƏLƏM,True,QƏLƏM,True,False,False
QƏLƏM,5,False,True,3,QƏHƏM,False,QƏHƏM,False,QƏHƏM,False,QƏHƏM,False,False,False
QƏLƏM,5,False,True,4,QƏLƏL,False,QƏLƏL,False,QƏLƏL,False,QƏLƏL,False,False,False
BAHAR,5,False,True,0,BAHAR,True,BAHAR,True,BAHAR,True,BAHAR,True,False,False
BAHAR,5,False,True,1,BAHAR,True,BAHAR,True,BAHAR,True,BAHAR,True,False,False
BAHAR,5,False,True,2,ZAHAR,False,ZAHAR,False,ZAHAR,False,ZAHAR,False,False,False
BAHAR,5,False,True,3,BAHAR,True,BAHAR,True,BAHAR,True,BAHAR,True,False,False
BAHAR,5,False,True,4,BAHAR,True,BAHAR,True,BAHAR,True,BAHAR,True,False,False
SƏMA,4,False,True,0,SƏMA,True,SƏMA,True,SƏMA,True,SƏMA,True,False,False
SƏMA,4,False,True,1,SƏMA,True,SƏMA,True,SƏMA,True,SƏMA,True,False,False
SƏMA,4,False,True,2,SƏMA,True,SƏMA,True,SƏMA,True,SƏMA,True,False,False
SƏMA,4,False,True,3,SƏMA,True,SƏMA,True,SƏMA,True,SƏMA,True,False,False
SƏMA,4,False,True,4,SƏMA,True,SƏMA,True,SƏMA,True,SƏMA,True,False,False
BULUD,5,False,True,0,BULUD,True,BULUD,True,BULUD,True,BULUD,True,False,False
BULUD,5,False,True,1,BULUD,True,BULUD,True,BULUD,True,BULUD,True,False,False
BULUD,5,False,True,2,ZULUD,False,ZULUD,False,ZULUD,False,ZULUD,False,False,False
BULUD,5,False,True,3,BUHUD,False,BUHUD,False,BULUD,True,BULUD,True,True,False
BULUD,5,False,True,4,BULUD,True,BULUD,True,BULUD,True,BULUD,True,False,False
GƏMİ,4,False,True,0,GƏMİ,True,GƏMİ,True,GƏMİ,True,GƏMİ,True,False,False
GƏMİ,4,False,True,1,GƏMİ,True,GƏMİ,True,GƏMİ,True,GƏMİ,True,False,False
GƏMİ,4,False,True,2,GƏMİ,True,GƏMİ,True,GƏMİ,True,GƏMİ,True,False,False
GƏMİ,4,False,True,3,GƏMY,False,GƏMY,False,GƏMY,False,GƏMY,False,False,False
GƏMİ,4,False,True,4,GƏMİ,True,GƏMİ,True,GƏMİ,True,GƏMİ,True,False,False
HƏYAT,5,False,True,0,HƏYAL,False,HƏYAL,False,HƏYAL,False,HƏYAL,False,False,False
HƏYAT,5,False,True,1,HƏYAT,True,HƏYAT,True,HƏYAT,True,HƏYAT,True,False,False
HƏYAT,5,False,True,2,HƏYAT,True,HƏYAT,True,HƏYAT,True,HƏYAT,True,False,False
HƏYAT,5,False,True,3,HƏYAT,True,HƏYAT,True,HƏYAT,True,HƏYAT,True,False,False
HƏYAT,5,False,True,4,HƏYAT,True,HƏYAT,True,HƏYAT,True,HƏYAT,True,False,False
VƏTƏN,5,False,True,0,VƏTƏN,True,VƏTƏN,True,VƏTƏN,True,VƏTƏN,True,False,False
VƏTƏN,5,False,True,1,VƏTƏN,True,VƏTƏN,True,VƏTƏN,True,VƏTƏN,True,False,False
VƏTƏN,5,False,True,2,VƏTƏN,True,VƏTƏN,True,VƏTƏN,True,VƏTƏN,True,False,False
VƏTƏN,5,False,True,3,VƏTƏN,True,VƏTƏN,True,VƏTƏN,True,VƏTƏN,True,False,False
VƏTƏN,5,False,True,4,VƏYƏN,False,VƏYƏN,False,VƏYƏN,False,VƏYƏN,False,False,False
BAYRAQ,6,False,True,0,BAYRAQ,True,BAYRAQ,True,BAYRAQ,True,BAYRAQ,True,False,False
BAYRAQ,6,False,True,1,BAYRAQ,True,BAYRAQ,True,BAYRAQ,True,BAYRAQ,True,False,False
BAYRAQ,6,False,True,2,ZAYRAQ,False,ZAYRAQ,False,ZAYRAQ,False,ZAYRAQ,False,False,False
BAYRAQ,6,False,True,3,BAYRAQ,True,BAYRAQ,True,BAYRAQ,True,BAYRAQ,True,False,False
BAYRAQ,6,False,True,4,BAYRAQ,True,BAYRAQ,True,BAYRAQ,True,BAYRAQ,True,False,False
ÇANTA,5,False,True,0,ÇANTA,True,ÇANTA,True,ÇANLA,False,ÇANLA,False,False,True
ÇANTA,5,False,True,1,ÇANTA,True,ÇANTA,True,ÇANTA,True,ÇANTA,True,False,False
ÇANTA,5,False,True,2,ÇANTA,True,ÇANTA,True,ÇANTA,True,ÇANTA,True,False,False
ÇANTA,5,False,True,3,ÇANTA,True,ÇANTA,True,ÇANTA,True,ÇANTA,True,False,False
ÇANTA,5,False,True,4,ÇANTA,True,ÇANTA,True,ÇANTA,True,ÇANTA,True,False,False
DƏFTƏR,6,False,True,0,DƏFTYR,False,DƏFTYR,False,DƏFTYR,False,DƏFTYR,False,False,False
DƏFTƏR,6,False,True,1,DƏFTƏR,True,DƏFTƏR,True,DƏFTƏR,True,DƏFTƏR,True,False,False
DƏFTƏR,6,False,True,2,DƏFTƏR,True,DƏFTƏR,True,DƏFTƏR,True,DƏFTƏR,True,False,False
DƏFTƏR,6,False,True,3,DƏFTƏR,True,DƏFTƏR,True,DƏFTƏR,True,DƏFTƏR,True,False,False
DƏFTƏR,6,False,True,4,DƏFTƏR,True,DƏFTƏR,True,DƏFTƏR,True,DƏFTƏR,True,False,False
PƏNCƏRƏ,7,False,True,0,PƏNCYRY,False,PƏNCYRY,False,PƏNCƏRY,False,PƏNCƏRY,False,False,False
PƏNCƏRƏ,7,False,True,1,PƏNCƏRƏ,True,PƏNCƏRƏ,True,PƏNCƏRƏ,True,PƏNCƏRƏ,True,False,False
PƏNCƏRƏ,7,False,True,2,YƏNCƏRƏ,False,YƏNCƏRƏ,False,YƏNCƏRƏ,False,YƏNCƏRƏ,False,False,False
PƏNCƏRƏ,7,False,True,3,PƏNCƏRƏ,True,PƏNCƏRƏ,True,LƏNCƏRƏ,False,LƏNCƏRƏ,False,False,True
PƏNCƏRƏ,7,False,True,4,PƏNCƏRƏ,True,PƏNCƏRƏ,True,PƏNCƏRƏ,True,PƏNCƏRƏ,True,False,False
MƏKTUB,6,False,True,0,MƏKTÜB,False,MƏKTÜB,False,MƏKTÜB,False,MƏKTÜB,False,False,False
MƏKTUB,6,False,True,1,MƏKTUB,True,MƏKTUB,True,MƏKTUB,True,MƏKTUB,True,False,False
MƏKTUB,6,False,True,2,MƏKTUY,False,MƏKTUY,False,MƏKTUY,False,MƏKTUY,False,False,False
MƏKTUB,6,False,True,3,MƏKTUB,True,MƏKTUB,True,MƏKTUB,True,MƏKTUB,True,False,False
MƏKTUB,6,False,True,4,LƏKTUB,False,LƏKTUB,False,LƏKTUB,False,LƏKTUB,False,False,False
BULAQ,5,False,True,0,BULAQ,True,BULAQ,True,BULAQ,True,BULAQ,True,False,False
BULAQ,5,False,True,1,BULAQ,True,BULAQ,True,BULAQ,True,BULAQ,True,False,False
BULAQ,5,False,True,2,ZULAQ,False,ZULAQ,False,ZULAQ,False,ZULAQ,False,False,False
BULAQ,5,False,True,3,BUHAQ,False,BUHAQ,False,BUHAQ,False,BUHAQ,False,False,False
BULAQ,5,False,True,4,BULAQ,True,BULAQ,True,BULAQ,True,BULAQ,True,False,False
YAĞIŞ,5,False,True,0,YAĞIŞ,True,YAĞIŞ,True,YAĞIŞ,True,YAĞIŞ,True,False,False
YAĞIŞ,5,False,True,1,YAĞIŞ,True,YAĞIŞ,True,YAĞIŞ,True,YAĞIŞ,True,False,False
YAĞIŞ,5,False,True,2,YAĞIŞ,True,YAĞIŞ,True,YAĞIŞ,True,YAĞIŞ,True,False,False
YAĞIŞ,5,False,True,3,YAĞIŞ,True,YAĞIŞ,True,YAĞIŞ,True,YAĞIŞ,True,False,False
YAĞIŞ,5,False,True,4,YAĞIŞ,True,YAĞIŞ,True,YAĞIŞ,True,YAĞIŞ,True,False,False
QUMLUQ,6,False,True,0,QUMLÜQ,False,QUMLÜQ,False,QUMLÜQ,False,QUMLÜQ,False,False,False
QUMLUQ,6,False,True,1,QUMLUQ,True,QUMLUQ,True,QUMLUQ,True,QUMLUQ,True,False,False
QUMLUQ,6,False,True,2,QUMLUQ,True,QUMLUQ,True,QUMLUQ,True,QUMLUQ,True,False,False
QUMLUQ,6,False,True,3,QUMLUQ,True,QUMLUQ,True,QUMLUQ,True,QUMLUQ,True,False,False
QUMLUQ,6,False,True,4,QUMLUQ,True,QUMLUQ,True,QUMLUQ,True,QUMLUQ,True,False,False
